,Unnamed: 0,mutant,esm1v_t33_650M_UR90S_1
0,0,H24C,-2.602889060974121
1,1,H24E,-1.40008544921875
2,2,H24D,-0.8043842315673828
3,3,H24G,-1.6988248825073242
4,4,H24F,-1.6305761337280273
5,5,H24I,-1.105362892150879
6,6,P25S,-1.8970800638198853
7,7,P25R,-4.026548862457275
8,8,P25T,-2.390458583831787
9,9,P25W,-7.4654107093811035
10,10,P25V,-4.596780300140381
11,11,P25Y,-5.712822914123535
12,12,E26A,-4.355765342712402
13,13,E26C,-9.48940372467041
14,14,E26D,-3.4602153301239014
