chain,rename,value
D,20,0.346629624
D,21,0.123916977
D,22,0.255008949
D,23,0.003176986
D,24,0.164391828
D,25,0.422902584
D,26,0.956197387
D,27,0.869246476
D,28,0.754505829
D,29,0.627329756
D,30,0.946152036
D,31,0.851350616
D,32,0.256095976
D,33,0.083336513
D,34,0.439675775
D,35,0.758857239
D,36,0.129052995
D,37,0.935980645
D,38,0.303793536
D,39,0.877672342
D,40,0.531516353
D,41,0.079516524
D,42,0.580524404
D,43,0.954200797
D,44,0.934328779
D,45,0.561251827
D,46,0.814748251
D,47,0.558062009
D,48,0.517977746
D,49,0.477893483
D,50,0.43780922
D,51,0.397724957
D,52,0.357640694
D,53,0.317556431
D,54,0.277472168
D,55,0.237387905
D,56,0.197303642
D,57,0.157219379
D,58,0.117135116
D,59,0.627329756
D,60,0.946152036
D,61,0.851350616
D,62,0.256095976
D,63,0.083336513
D,64,0.439675775
D,65,0.758857239
D,66,0.129052995
D,67,0.935980645
D,68,0.303793536